word,frequency
AI,8
AWS,8
re,8
した,6
してみた,6
Invent,6
実現,4
API,3
者向,3
実装,3
かす,3
して,3
でよく,2
勉強,2
！？,2
！（,2
Agent,2
サーバー,2
DAY,2
LiveView,2
on,2
Babylon,2
js,2
初心,2
裁判,2
における,2
::,2
ではなく,2
えた,2
エンジニア,2
受験,2
コスト,2
未来,2
SDK,2
レポート,2
として,2
トレンド,2
Web,2
技術,2
成長,2
Cursor,2
Tips,2
モデル,2
方法,2
アプリ,2
効率,2
React,2
Substrate,2
日刊,2
IETF,2
Part,2
BigQuery,1
っている,1
関数,1
実施,1
ガバメントクラウド,1
合計,1
回実,1
原因,1
絵文,1
Safari,1
だけ,1
画面,1
くなる,1
べてわかった,1
フォント,1
とし,1
Bedrock,1
OpenAI,1
形式,1
せるように,1
ただし,1
注意,1
あり,1
ADK,1
Vertex,1
Engine,1
ユーザー,1
認証,1
MCP,1
インシデント,1
解決,1
のお,1
DevOps,1
参加,1
レポ,1
チュートリアル,1
やってみた,1
Power,1
Automate,1
Planner,1
タスク,1
バケット,1
タグ,1
作成,1
ElixirDesktop,1
スマホアプリ,1
アルゴリズム,1
問題,1
メソッド,1
